product_name,isin,sri,horizon,frais_courants_pct,frais_entree_pct,frais_sortie_pct,asset_class,investment_region,management_style,objective_summary,benchmark,sfdr_classification,main_risks,nav_frequency,liquidity_constraints,performance_fee_pct,management_fees_pct,transaction_costs_pct,other_costs_pct,currency,management_company,source_pdf,fond
DPAM  B Equities World Sustainable - Classe W - ISIN: BE6246068447,BE6246068447,4,6,1.27,2.0,0.0,Actions,Monde,Active,"Le compartiment vise à offrir une exposition aux titres de capital d'entreprises du monde entier. Il promeut des caractéristiques environnementales et sociales (SFDR article 8) et inclut une proportion minimale d'investissements durables. La sélection s'appuie sur des exclusions (normes mondiales, activités controversées, controverses ESG sévères) et une approche ESG « best-in-class » complétée par une analyse qualitative, avec possibilité d'utilisation de dérivés à des fins d'investissement et/ou de couverture.",MSCI AC World Net Return,SFDR Article 8,Risque de marché; Risque actions; Risque de perte en capital; Risque lié aux dérivés,Quotidienne,Souscription/remboursement possible chaque jour ouvrable avant 15h00 (heure belge) auprès du service financier.,0,0.91,0.36,MISSING,EUR,CA Indosuez Fund Solutions S.A.,data/dic_pdfs/DIS_BE6246068447.pdf,
DPAM  B Equities Europe Sustainable - Classe W - ISIN: BE6246078545,BE6246078545,4,5,1.13,2,0,Actions,Europe,Active,L'objectif du compartiment est d'offrir une exposition aux titres de capital d'entreprises européennes. Le compartiment promeut des caractéristiques environnementales et sociales (SFDR article 8) et vise une proportion minimale d'investissements durables. La gestion est active et le benchmark est utilisé à titre de comparaison des performances.,MSCI Europe Net Return,SFDR Article 8,Risque de marché; Risque de perte en capital; Risque de concentration; Risque lié aux dérivés,Quotidienne,Souscription/remboursement possible chaque jour ouvrable avant 15h00 (heure belge).,0,0.92,0.21,MISSING,EUR,CA Indosuez Fund Solutions S.A.,data/dic_pdfs/DIS_BE6246078545.pdf,
DPAM  B Real Estate Europe Dividend Sustainable - Classe W - ISIN: BE6275503884,BE6275503884,4,5,1.38,2,0,Actions,Europe,Active,"Le compartiment vise à offrir une exposition aux titres représentatifs du secteur immobilier européen générant un rendement plus élevé que la moyenne du marché. Il investit principalement en actions et titres liés à l'immobilier (SIR, certificats immobiliers, sociétés immobilières et de développement) d'émetteurs ayant une présence significative en Europe, avec une sélection intégrant des critères ESG. Le compartiment promeut des caractéristiques environnementales et sociales (SFDR article 8) et inclut une proportion minimale d'investissements durables.",FTSE EPRA/NAREIT Developed Europe Net Return,SFDR Article 8,Risque de marché; Risque de perte en capital; Risque de concentration; Risque de liquidité; Risque lié aux dérivés,Quotidienne,Souscription/remboursement possible chaque jour ouvrable avant 15h00 (heure belge) auprès du service financier.,0,1.03,0.35,MISSING,EUR,CA Indosuez Fund Solutions S.A.,data/dic_pdfs/DIS_BE6275503884.pdf,
DPAM  B Equities Euroland Sustainable - Classe W - ISIN: BE6324131224,BE6324131224,4,5,1.17,2,0,Actions,Zone euro,Active,"Le compartiment vise à offrir une exposition aux titres de capital d'entreprises de la zone euro, sélectionnées selon des critères environnementaux, sociaux et de gouvernance (ESG). Il promeut des caractéristiques environnementales et sociales au sens de l'article 8 du Règlement (UE) 2019/2088 et inclut une proportion minimale d'investissements durables. Le compartiment peut utiliser des produits dérivés à des fins d'investissement et/ou de couverture.",MSCI EMU Net Return,SFDR Article 8,Risque de marché; Risque actions; Risque de concentration; Risque de perte en capital; Risque lié aux dérivés,MISSING,Souscription/remboursement possible chaque jour ouvrable avant 15h00 (heure belge) ; possibilité d'échanger les actions contre des actions d'un autre compartiment.,0,1.04,0.13,MISSING,EUR,CA Indosuez Fund Solutions S.A.,data/dic_pdfs/DIS_BE6324131224.pdf,
Lazard Equity SRI - Action PC EUR,FR0000003998,4,5,1.79,4,0,Actions,Zone euro,Active,"L’objectif de gestion vise, via une gestion ISR, à obtenir sur la durée de placement recommandée une performance nette de frais supérieure à celle de l’indicateur de référence Eurostoxx (en euro, dividendes/coupons nets réinvestis). Le fonds est investi et exposé à hauteur de 90% en actions de la zone euro et met en œuvre une approche « best-in-class » (thème Ressources Humaines) fondée sur des critères financiers et ESG. Le fonds peut utiliser des dérivés (dans la limite de 10% de l’actif net) notamment à des fins de couverture.","Eurostoxx exprimé en Euro, dividendes ou coupons nets réinvestis",SFDR Article 8,Risque de perte en capital; Risque de marché (actions); Risque lié aux dérivés,Quotidienne,Dispositif de plafonnement des rachats (« Gates ») : peut être appliqué par la société de gestion lorsque le seuil de 10% de l’actif net est atteint.,0,1.13,0.66,MISSING,EUR,LAZARD FRERES GESTION SAS,data/dic_pdfs/DIS_FR0000003998.pdf,
Fidelity SICAV - Fidelity Europe Action A,FR0000008674,4,5,2.26,3.5,0,Actions,Europe,Active,L’objectif du Compartiment est de surperformer l’indice MSCI Europe (dividendes nets réinvestis) via une gestion active et dynamique de sélection de valeurs européennes. Au moins 75 % des actifs sont investis en actions d’États membres de l’Union Européenne (éligibles au PEA) et le portefeuille peut s’écarter significativement de l’indicateur de référence; jusqu’à 25 % peut être investi hors UE (OCDE et émergents). Le compartiment peut utiliser des instruments dérivés pour exposer ou couvrir le portefeuille et vise un score ESG supérieur à celui de l’indice.,MSCI Europe (dividendes nets réinvestis),SFDR Article 8,Risque de marché; Risque de perte en capital; Risque lié aux instruments financiers à terme; Risque de contrepartie; Risque de liquidité,Quotidienne,"La valeur liquidative est calculée quotidiennement (hors samedis, dimanches, jours fériés légaux en France et au Royaume-Uni, et jours de bourse fermés à Londres et à Paris). Les ordres de souscription/rachat sont centralisés jusqu’à 11h et exécutés sur la base de la prochaine valeur liquidative, calculée le lendemain.",0,1.9,0.36,MISSING,EUR,FIL Gestion,data/dic_pdfs/DIS_FR0000008674.pdf,
LCL ACTIONS MONDE HORS ZONE EURO (D),FR0000018756,4,5,2.07,2,0,Actions,Monde (hors Zone Euro),Active,"Le fonds investit dans des actions d'entreprises internationales situées en dehors de la Zone Euro, avec couverture du risque de change. L’objectif de gestion est de surperformer l’indice MSCI World ex EMU Selection (couvert EUR/USD) après prise en compte des coûts récurrents, via une sélection active de titres et l’utilisation d’un swap de performance (alpha portable). Des instruments dérivés et des supports monétaires/obligataires peuvent être utilisés à titre de couverture et/ou d’exposition.",MSCI World ex EMU Selection,SFDR Article 8,Risque de marché; Risque de perte en capital; Risque de liquidité; Risque lié aux dérivés; Risque de contrepartie (swap),Quotidienne,"Les parts peuvent être rachetées quotidiennement, mais un mécanisme de plafonnement des rachats (« Gates ») peut être mis en œuvre par la société de gestion (modalités décrites dans le prospectus).",0,1.45,0.62,MISSING,EUR,Amundi Asset Management,data/dic_pdfs/DIS_FR0000018756.pdf,
AXA Aedificandi A Capitalisation EUR,FR0000172041,5,5,1.97,4.5,0,Actions,Zone Euro,Active,"L'objectif de gestion est la recherche de croissance du capital sur le long terme en investissant dans des titres cotés du secteur immobilier des pays membres de la zone Euro. Le fonds est géré activement via une sélection de titres fondée sur l'analyse des entreprises et du marché immobilier, avec au moins 55% de l'actif en actions/assimilés et jusqu'à 45% en titres de créance (principalement notés entre AAA et BBB-).",Indicateur de référence composite : 90% FTSE EPRA/NAREIT Eurozone Capped (10%) net Total Return et 10% FTSE EPRA/NAREIT Global Developed Index net Total Return,SFDR Article 8,Risque de marché; Risque de perte en capital; Risque de change,Quotidienne,"Les ordres de souscription/rachat sont exécutés sur la base de la prochaine valeur liquidative (ordres reçus chaque jour ouvré avant 12h00, heure de Paris). La société de gestion peut appliquer un mécanisme de plafonnement des rachats (Gates) selon les modalités prévues dans le prospectus et les statuts ; des délais de traitement supplémentaires peuvent exister via des intermédiaires.",0,1.67,0.3,MISSING,EUR,BNP PARIBAS REAL ESTATE INVESTMENT MANAGEMENT FRANCE SA (BNP Paribas REIM France),data/dic_pdfs/DIS_FR0000172041.pdf,
AMUNDI OBLIG MONDE RESPONSABLE - P (C),FR0000286338,2,3,1.19,1,0,Obligations,Monde,Active,"Le fonds investit principalement en obligations (notamment obligations d’États OCDE et obligations d’entreprises/ agences/ supranationaux OCDE) libellées dans toute devise, avec une gestion active incluant la gestion des devises et l’utilisation possible de dérivés à des fins de couverture et/ou de surexposition. Il vise, sur un horizon de placement minimum de 3 ans et après prise en compte des frais courants, une performance supérieure à celle de son indice de référence, tout en intégrant des critères ESG et en investissant au minimum 30% de l’actif net en obligations vertes, sociales ou durables (GSS).",JP Morgan Government Bond Index Global (calculé coupons réinvestis),SFDR Article 8,Risque de marché; Risque de perte en capital; Risque de liquidité; Risque lié aux dérivés,Quotidienne,"Les actions peuvent être rachetées quotidiennement, mais un mécanisme de plafonnement des rachats (« Gates ») peut être mis en œuvre par la société de gestion (modalités décrites dans le prospectus).",0,1.07,0.12,MISSING,EUR,Amundi Asset Management,data/dic_pdfs/DIS_FR0000286338.pdf,
MAGELLAN C,FR0000292278,4,5,2.09,3.25,0,Actions,Émergents,Active,"L'objectif de gestion est de rechercher une performance sans référence à un indice, dans une optique moyen/long terme, via une sélection de titres basée sur des critères liés à l'entreprise. Le fonds est investi/exposé en permanence à hauteur de 60% minimum en actions de sociétés liées aux pays émergents et peut détenir jusqu'à 20% en titres de créance et instruments monétaires. Il peut utiliser des instruments dérivés pour couvrir les risques actions et de change.",MSCI Emerging Markets,SFDR Article 8,Risque de marché (actions); Risque de perte en capital; Risque de liquidité; Risque de change; Risque lié aux pays émergents; Risque lié aux dérivés,Quotidienne,"Rachats possibles tous les jours selon les modalités du prospectus, sans pénalité. Un mécanisme de plafonnement des rachats (« Gates ») peut être mis en œuvre par la société de gestion.",0,1.67,0.42,MISSING,EUR,COMGEST S.A.,data/dic_pdfs/DIS_FR0000292278.pdf,
COMGEST RENAISSANCE EUROPE C,FR0000295230,4,5,1.91,3,0,Actions,Europe (Union Européenne),Active,"L'objectif de gestion est de rechercher une performance sans référence à un indice, dans une optique moyen/long terme, via une sélection discrétionnaire de titres basée sur des critères liés à l'entreprise. Le fonds est investi principalement en actions (dont 75% de titres éligibles PEA) et peut être exposé jusqu'à 20% en titres de créance/instruments monétaires/obligations/titres d'État. Il peut utiliser des dérivés pour couvrir les risques actions et de change.",MSCI Europe,SFDR Article 8,Risque de marché actions; Risque de perte en capital; Risque de change; Risque lié aux dérivés; Risque de liquidité (gates),Quotidienne,Rachats possibles tous les jours sans pénalité selon les modalités du prospectus. Un mécanisme de plafonnement des rachats (« Gates ») peut être mis en œuvre par la Société de Gestion.,0,1.75,0.16,MISSING,EUR,Comgest S.A.,data/dic_pdfs/DIS_FR0000295230.pdf,
Norden,FR0000299356,4,5,2.46,4,0,Actions,"Pays nordiques (Suède, Norvège, Danemark, Finlande)",Active,"L'objectif de gestion vise, sur une durée de placement recommandée de 5 ans, à obtenir une performance nette de frais supérieure à celle de l'indicateur de référence MSCI Nordic 10/40 Index (exprimé en EUR). Le fonds est investi et/ou exposé en permanence à hauteur de 75% minimum de son actif net en actions de sociétés cotées et/ou domiciliées dans les pays nordiques, avec une sélection de titres fondée sur une analyse financière (rentabilité, croissance, évaluation) et un recours possible aux dérivés à des fins de couverture/exposition.",MSCI Nordic 10/40 Index,SFDR Article 8,Risque de marché; Risque actions; Risque de perte en capital; Risque lié aux dérivés; Risque de change,Quotidienne,"Dispositif de plafonnement des rachats (""Gates"") : le plafonnement des rachats peut être appliqué par la société de gestion lorsque le seuil de 10% de l’actif net est atteint (référence au prospectus).",0,2.19,0.27,MISSING,EUR,LAZARD FRERES GESTION SAS,data/dic_pdfs/DIS_FR0000299356.pdf,
PLUVALCA SMALL CAPS - ACTION A,FR0000422859,4,5,2.5,2,1,Actions,"Europe (hors Royaume-Uni), avec focus France",Active,"Compartiment OPCVM géré activement visant, sur la durée de placement recommandée, une performance supérieure à l’indice Bloomberg Europe DM ex-UK Small Cap (dividendes nets réinvestis) via une sélection de titres (« stock picking »). Le portefeuille est investi principalement en actions de petites et moyennes capitalisations françaises et européennes, avec des fourchettes d’exposition incluant une part possible d’instruments de taux et d’obligations convertibles, et une exposition au change pouvant aller jusqu’à 110% hors euro.",Bloomberg Europe DM ex-UK Small Cap Net Return,SFDR Article 8,Risque de marché; Risque de perte en capital; Risque de change; Risque de liquidité; Risque de contrepartie,Quotidienne,"Rachats possibles chaque jour, mais le fonds peut mettre en œuvre un mécanisme de plafonnement provisoire des rachats (« gates ») en cas de circonstances exceptionnelles lorsque les demandes de rachat sur une même valeur liquidative excèdent un certain seuil.",20,2.3,0.2,MISSING,EUR,Montpensier Arbevel,data/dic_pdfs/DIS_FR0000422859.pdf,
CAPITOP TRESO DIVERSIFIEE (C),FR0000439614,1,1,0.54,0,0,Obligations,Zone euro,Active,"Le fonds investit dans des produits de taux de la zone euro via un fonds maître (AMUNDI TRESO DIVERSIFIEE) et, à titre accessoire, en liquidités. Il vise, sur un horizon de placement de 6 mois minimum, une performance nette de frais supérieure à un indicateur de référence (80% €STR capitalisé et 20% ICE Bofa 1-3 Year Euro Corporate Index), avec une intégration de critères ESG et une sensibilité aux taux maintenue entre 0 et 1.",Indicateur de référence composé pour 80% de l’€STR capitalisé et pour 20% de l'indice ICE Bofa 1-3 Year Euro Corporate Index,Non classé / Non mentionné,Risque de marché; Risque de perte en capital; Risque de liquidité,Quotidienne,Les parts peuvent être rachetées quotidiennement (ordres avant 12:25 heure de Paris). Un mécanisme de plafonnement des rachats (« Gates ») peut être mis en œuvre par la société de gestion (modalités décrites dans le prospectus).,0,0.54,0,MISSING,EUR,Amundi Asset Management,data/dic_pdfs/DIS_FR0000439614.pdf,
AMUNDI ACTIONS FRANCE SELECT - P (C),FR0000944696,4,5,1.57,2.5,0,Actions,France (principalement) / Zone Euro (jusqu’à 10% hors France),Active,"La SICAV vise une performance supérieure à celle de son indice de référence CAC ALL TRADABLE (dividendes réinvestis), après prise en compte des frais courants. Elle investit principalement en actions françaises (exposition actions généralement entre 80% et 120% de l’actif net, avec un minimum de 60% en actions françaises) et intègre des critères ESG (exclusions, engagement, best-in-class et amélioration de note) dans la sélection des titres. Des instruments dérivés et des opérations temporaires sur titres peuvent être utilisés à des fins de couverture et/ou d’exposition.",CAC ALL TRADABLE (dividendes réinvestis),Non classé / Non mentionné,Risque de marché (actions); Risque de perte en capital; Risque de liquidité; Risque lié à l’utilisation de produits dérivés (amplification des mouvements),Quotidienne,Rachats possibles quotidiennement (selon prospectus). Un mécanisme de plafonnement des rachats (« Gates ») peut être mis en œuvre par la société de gestion ; modalités décrites dans le prospectus.,20,1.29,0.28,MISSING,EUR,Amundi Asset Management,data/dic_pdfs/DIS_FR0000944696.pdf,
AMUNDI ACTIONS FONCIER - P (D),FR0000972655,5,5,1.82,2.5,0,Actions,Europe,Active,"Le fonds investit principalement en actions d’entreprises de l’Union Européenne, du Royaume-Uni, de Suisse et de Norvège, avec un focus sur les sociétés liées aux secteurs fonciers et immobiliers. L’objectif est de rechercher un équilibre entre plus-value et rendement via une sélection discrétionnaire de titres jugés sous-évalués ou à profil de croissance attractif, avec possibilité d’utiliser des instruments dérivés à des fins de couverture et/ou d’exposition.",EPRA Europe Real Estate (cours de clôture - dividendes nets réinvestis) en euro,SFDR Article 8,Risque de marché; Risque de perte en capital; Risque de liquidité; Risque lié aux dérivés,Quotidienne,"Les parts peuvent être rachetées quotidiennement, mais un mécanisme de plafonnement des rachats (« Gates ») peut être mis en œuvre par la société de gestion selon les modalités décrites dans le prospectus.",20,1.55,0.27,MISSING,EUR,Amundi Asset Management,data/dic_pdfs/DIS_FR0000972655.pdf,
AMUNDI VIE - P (C),FR0000973802,2,3,1.3,2,0,Diversifié,Monde,Active,"Le fonds vise, sur un horizon de placement de 3 ans et après prise en compte des frais courants, à optimiser la performance via une gestion discrétionnaire et flexible investissant sur les marchés internationaux obligataires, monétaires, actions et devises, en titres vifs et via des OPC. Il intègre une approche responsable (ESG) visant une note ESG supérieure à celle de l’univers d’investissement après exclusion des 20% d’émetteurs les plus mal notés.",20% ICE BofA Global Government Bonds ex Japan + 5% JPM EMBI Global Diversified + 50% ICE BofA Global Corporates Large Cap + 5% ICE BofA Global High Yield + 20% MSCI World All Countries,SFDR Article 8,Risque de marché; Risque de perte en capital; Risque de liquidité; Risque lié aux dérivés; Risque de change,Quotidienne,"Les parts peuvent être rachetées quotidiennement, mais un mécanisme de plafonnement des rachats (« Gates ») peut être mis en œuvre par la société de gestion (modalités décrites dans le prospectus).",20,1.18,0.12,MISSING,EUR,Amundi Asset Management,data/dic_pdfs/DIS_FR0000973802.pdf,
ODDO BHF Avenir Europe Part CR-EUR,FR0000974149,4,5,2.35,0,0,Actions,Europe,Active,"L’objectif de gestion est la valorisation du capital à long terme en surperformant l’indicateur de référence sur un horizon de placement minimum de 5 ans, tout en prenant en compte des critères ESG. Le fonds est géré activement et discrétionnairement, investi en permanence à 75% à 100% en actions d’émetteurs européens (EEE et pays européens OCDE), avec une sélection de valeurs (stock picking) principalement sur l’univers des petites et moyennes capitalisations. Le fonds peut investir accessoirement en obligations/titres de créance (jusqu’à 25%) et utiliser des dérivés notamment pour couvrir le risque de change (exposition change limitée à 50% de l’actif net).",MSCI Europe Smid Cap Net Return EUR,SFDR Article 8,Risque de marché; Risque de perte en capital; Risque de change; Risque de liquidité; Risque de contrepartie,Quotidienne,Les souscriptions/rachats sont centralisés chaque jour ouvré de la Bourse de Paris jusqu’à 11h15 et exécutés sur la base de la valeur liquidative du jour. Un mécanisme de plafonnement des rachats (Gates) peut être mis en œuvre par la société de gestion.,20,1.92,0.43,MISSING,EUR,ODDO BHF Asset Management SAS,data/dic_pdfs/DIS_FR0000974149.pdf,
VENDOME  INVESTISSEMENT,FR0000980476,4,5,2.07,3,0,Actions,Europe,Active,"OPCVM actions internationales géré activement visant, sur une durée de placement recommandée de 5 ans, une performance supérieure à un indicateur composite 40% SBF 120 (dividendes réinvestis), 40% MSCI World (dividendes réinvestis) et 20% €STR, via une allocation dynamique sur les marchés actions français et internationaux. Le fonds est exposé entre 60% et 100% aux actions (dont jusqu’à 20% en petites et moyennes capitalisations) et peut investir jusqu’à 40% en produits de taux (dont jusqu’à 20% en high yield) et jusqu’à 60% au risque de change, avec usage ponctuel de dérivés (exposition totale pouvant aller jusqu’à 200%).","Indicateur de référence composite 40% SBF 120 (calculé dividendes réinvestis), 40% MSCI World (calculé dividendes réinvestis), 20% €STR",Non classé / Non mentionné,Risque de marché; Risque de perte en capital; Risque lié à l'utilisation de dérivés; Risque de liquidité; Risque de change; Risque actions; Risque de crédit (dont high yield),Quotidienne,"Les demandes de souscription/rachat sont centralisées chaque jour d’établissement de la valeur liquidative (J) avant 12h30 (CET), exécutées sur la prochaine valeur liquidative calculée en J+1, avec règlement en J+2 (jours ouvrés).",20,1.97,0.1,MISSING,EUR,CA Indosuez Gestion,data/dic_pdfs/DIS_FR0000980476.pdf,
SIPAREX MULTI ACCESS (le « Fonds »),FR0014004CN5,7,10,1.9,0.3,0,Diversifié,Europe (principalement France),Active,"Fonds commun de placement à risques (FCPR) de type fonds de fonds de capital-investissement. Il investit principalement dans des fonds de capital-investissement français gérés par la Société de Gestion ou ses affiliées, via des opérations primaires et secondaires (jusqu’à 40% en secondaire). L’exposition finale est principalement à des sociétés non cotées européennes, notamment françaises, avec possibilité d’investissements de trésorerie et d’emprunts accessoires.",MISSING,Non classé / Non mentionné,Risque de perte en capital; Risque de marché; Risque de liquidité; Risque lié à l’absence de marché secondaire / difficulté de cession des parts; Risque de décote lors des cessions d’actifs non cotés; Risque de défaillance de la société de gestion / du dépositaire,MISSING,"Rachats bloqués pendant toute la durée de vie du Fonds (sauf cas exceptionnels prévus au Règlement). Cession des parts possible à des tiers sous réserve d’agrément par la Société de Gestion ; aucune assurance qu’un marché secondaire se développe, donc difficulté potentielle à céder avant l’échéance.",0,1.9,0,MISSING,MISSING,Sigefi Private Equity,/Users/sdaoud/CODE/ROBO-ADVISOR/data/dic_pdfs/DIS_FR0014004CO3.pdf,
AMUNDI MULTI-GERANTS OBLIGS - P (C),FR0000983637,2,5,1.47,1,0,Obligations,Europe,Active,"Le fonds investit principalement sur les marchés obligataires majoritairement européens et, à titre de diversification, internationaux, via une sélection d’OPC et/ou de titres obligataires (publics ou privés), avec une exposition actions pouvant aller jusqu’à 20% de l’actif net. L’objectif est de réaliser, sur la durée de placement recommandée, une performance supérieure à celle d’un indicateur de référence composite (après prise en compte des frais de gestion). Le fonds peut utiliser des dérivés à des fins de couverture et/ou d’exposition et peut recourir à des opérations temporaires sur titres.",50% JP Morgan EMU Government Bond (coupons nets réinvestis) + 30% JP Morgan Global Government Bond (coupons nets réinvestis) + 20% Exane ECI - Europe Convertible,SFDR Article 8,Risque de marché; Risque de taux; Risque de crédit; Risque de liquidité; Risque lié aux dérivés; Risque de change; Risque de perte en capital,Quotidienne,Les parts peuvent être rachetées quotidiennement (ordres avant 12:25 heure de Paris). Un mécanisme de plafonnement des rachats (« Gates ») peut être mis en œuvre par la société de gestion selon les modalités décrites dans le prospectus.,0,1.39,0.08,MISSING,EUR,Amundi Asset Management,data/dic_pdfs/DIS_FR0000983637.pdf,
ODDO BHF Avenir CR-EUR,FR0000989899,4,5,1.99,0,0,Actions,France (principalement) / Europe,Active,"Le Fonds vise une performance supérieure à celle de son indice de référence (90% MSCI SMID France (NR) + (10% €STR + 8,5 points de base)) sur un horizon de placement supérieur à 5 ans, tout en prenant en compte des critères ESG. Il est géré activement et discrétionnairement, avec une exposition actions d’au moins 75% (dont 70% minimum d’actions françaises) et peut investir accessoirement en titres de créance (jusqu’à 25%) et en OPC (jusqu’à 10%).","90% MSCI SMID France (NR) + (10% €STR + 8,5 points de base)",SFDR Article 8,Risque de marché; Risque de perte en capital; Risque de change; Risque de liquidité; Risque de contrepartie,Quotidienne,Un mécanisme de plafonnement des rachats (Gates) peut être mis en œuvre par la Société de Gestion.,20,1.7,0.29,MISSING,EUR,ODDO BHF Asset Management SAS,data/dic_pdfs/DIS_FR0000989899.pdf,
AMUNDI ACTIONS EUROPE ENVIRONNEMENT - P,FR0000991424,4,5,1.43,2.5,0,Actions,Europe,Active,"Le fonds investit principalement en actions de sociétés européennes (Royaume-Uni, Suisse et Norvège inclus) dont les activités contribuent positivement à des objectifs environnementaux. La sélection combine des critères extra-financiers (ODD/ESG, activités vertes) et une analyse financière quantitative multifactorielle, avec une exposition actions comprise entre 75% et 120% et un possible recours aux dérivés à des fins de couverture et/ou d’exposition.",MSCI Europe IMI,SFDR Article 9,Risque de marché; Risque actions; Risque de liquidité; Risque lié aux dérivés; Risque de perte en capital,Quotidienne,"Les parts peuvent être rachetées quotidiennement, mais un mécanisme de plafonnement des rachats (« Gates ») peut être mis en œuvre par la société de gestion (modalités décrites dans le prospectus).",0,1.32,0.11,MISSING,EUR,Amundi Asset Management,data/dic_pdfs/DIS_FR0000991424.pdf,
AMUNDI ACTIONS EUROPE RESPONSABLE - P,FR0000991432,4,5,1.45,2.5,0,Actions,Europe,Active,"Le fonds investit principalement en actions d’entreprises européennes en intégrant des critères ESG et de développement durable. Il vise une performance supérieure ou égale à celle de l’indice MSCI Europe (dividendes réinvestis), après prise en compte des frais courants, via une sélection combinant analyse financière et extra-financière (notation ESG) et une stratégie ISR (amélioration de note, exclusions, best-in-class). Des dérivés peuvent être utilisés à des fins de couverture et/ou d’exposition, avec une tracking error ex ante modérée (1% à 3% en conditions normales).",MSCI Europe (dividendes réinvestis),SFDR Article 8,Risque de marché; Risque de perte en capital; Risque de liquidité; Risque lié aux dérivés,Quotidienne,Les parts peuvent être rachetées quotidiennement (ordres avant 12:25 heure de Paris). Un mécanisme de plafonnement des rachats (« Gates ») peut être mis en œuvre par la société de gestion selon les modalités décrites dans le prospectus.,0,1.2,0.25,MISSING,EUR,Amundi Asset Management,data/dic_pdfs/DIS_FR0000991432.pdf,
AMUNDI EURO LIQUIDITY-RATED RESPONSIBLE - I (C),FR0007038138,1,,0.14,0,0,Monétaire,Zone euro,Active,"Le fonds investit principalement dans des instruments du marché monétaire, dont la maturité maximale est de 2 ans. Il vise une performance supérieure à l’€STR capitalisé après prise en compte des frais courants, tout en intégrant des critères ESG (stratégie ISR avec exclusions et approche Best-in-Class). Les titres en devises sont totalement couverts contre le risque de change et des dérivés peuvent être utilisés à titre de couverture.",€STR capitalisé,SFDR Article 8,Risque de marché; Risque de perte en capital; Risque de liquidité; Risque lié aux dérivés,Quotidienne,MISSING,10,0.12,0.02,MISSING,EUR,Amundi Asset Management,data/dic_pdfs/DIS_FR0007038138.pdf,
Eurose,FR0007051040,3,3,1.49,1,0,Diversifié,Zone Euro (principalement) / OCDE,Active,"L'objectif de gestion est de rechercher une performance supérieure à l'indice composite 20 % EUROSTOXX 50 et 80 % Bloomberg Euro Aggregate 1-10 year (dividendes et coupons réinvestis) sur la durée de placement recommandée. Le fonds flexible est géré activement et investit principalement en actions et obligations libellées en euro, avec intégration de critères ESG via une approche « best in universe ». Il peut recourir à des dérivés (y compris OTC) à des fins de couverture et/ou d'exposition, et comporte une part possible de crédit spéculatif.",Indice composite 20 % EUROSTOXX 50 et 80 % Bloomberg Euro Aggregate 1-10 year,SFDR Article 8,Risque de marché; Risque de perte en capital; Risque de crédit; Risque lié aux actions; Risque de taux; Risque lié aux dérivés; Risque de change; Risque de liquidité; Risque opérationnel,Quotidienne,Les demandes de rachat sont reçues chaque jour (au plus tard 12h30) et exécutées quotidiennement. Le produit dispose d’un dispositif de plafonnement des rachats (« Gates ») décrit dans le prospectus.,20,1.46,0.03,MISSING,EUR,DNCA FINANCE,data/dic_pdfs/DIS_FR0007051040.pdf,
AMUNDI EURO STOXX 50 II UCITS ETF Acc,FR0007054358,4,5,0.21,0,0,Actions,Zone Euro,Indicielle,"Le Fonds est un OPCVM indiciel géré passivement visant à répliquer, à la hausse comme à la baisse, l’évolution de l’indice EURO STOXX 50 Net Return (dividendes nets réinvestis), libellé en EUR, tout en minimisant l’écart de suivi (tracking error). Il met en œuvre principalement une réplication directe, avec possibilité d’échantillonnage et d’opérations de cessions temporaires garanties de titres pour optimiser la réplication.",EURO STOXX 50 Net Return (dividendes nets réinvestis),Non classé / Non mentionné,Risque de marché; Risque de perte en capital; Risque de liquidité,MISSING,Les actions sont cotées et négociées en bourse (marché secondaire) ; seuls des participants autorisés peuvent traiter directement avec le compartiment sur le marché primaire. Un mécanisme de plafonnement des rachats (« Gates ») peut être mis en œuvre par la société de gestion selon les modalités décrites dans le prospectus.,0,0.2,0.01,MISSING,EUR,Amundi Asset Management,data/dic_pdfs/DIS_FR0007054358.pdf,
AMUNDI - KBI ACTIONS MONDE ENVIRONNEMENT (C),FR0007070594,4,5,1.65,5,0,Actions,Monde,Active,"Le fonds investit principalement en actions internationales exposées à la transition énergétique et écologique, en sélectionnant des entreprises apportant des solutions environnementales. La sélection combine une analyse financière et une analyse extra-financière (ESG) et s’appuie sur des exclusions (normatives/sectorielles Amundi et référentiel du label Greenfin). Le fonds n’est pas géré par rapport à un indicateur de référence, mais sa performance peut être comparée a posteriori au MSCI All Country World (en euro, dividendes nets réinvestis).","MSCI ALL Country World (en euro, converti du dollar USD, dividendes nets réinvestis)",SFDR Article 8,Risque de marché; Risque actions; Risque de liquidité; Risque lié aux dérivés; Risque de change; Risque de perte en capital,Quotidienne,Les parts peuvent être rachetées quotidiennement. Un mécanisme de plafonnement des rachats (« Gates ») peut être mis en œuvre par la société de gestion (modalités décrites dans le prospectus).,0,1.04,0.61,MISSING,EUR,Amundi Asset Management,data/dic_pdfs/DIS_FR0007070594.pdf,
INDOSUEZ  EURO PATRIMOINE,FR0007076641,5,5,2.15,5,0,Actions,Zone Euro (Union Economique et Monétaire),Active,"OPCVM actions de l'Union Economique et Monétaire, géré activement avec un biais « value ». L'objectif est de surperformer sur 5 ans l'indice MSCI EMU Value (Net Return, dividendes nets réinvestis), avec une exposition actions comprise entre 60% et 110% de l'actif net. Le fonds peut utiliser des instruments dérivés à des fins d'exposition et/ou de couverture, avec un engagement global pouvant aller jusqu'à 200%.","MSCI EMU Value (Net Return, dividendes nets réinvestis)",SFDR Article 8,Risque de marché; Risque de perte en capital; Risque lié à l'utilisation de dérivés; Risque de liquidité; Risque de contrepartie,Quotidienne,"Les demandes de souscription/rachat sont centralisées chaque jour d’établissement de la valeur liquidative (cut-off 12h30 CET), exécutées sur la prochaine VL (J+1) avec règlement en J+2.",20,1.65,0.5,MISSING,EUR,CA Indosuez Gestion,data/dic_pdfs/DIS_FR0007076641.pdf,
Centifolia,FR0007076930,4,5,2.46,2,0,Actions,France,Active,"L’objectif de gestion est de rechercher une performance supérieure à l’indice CAC 40 dividendes réinvestis sur la durée de placement recommandée, en sélectionnant des valeurs répondant à des critères d’investissement socialement responsables (approche « best in universe »). Le fonds investit principalement en actions françaises (au moins 60% de l’actif net, et au moins 75% en titres éligibles PEA), avec une poche possible en instruments de taux jusqu’à 25% et jusqu’à 10% hors de France.",CAC 40 calculé dividendes réinvestis,SFDR Article 8,Risque de marché; Risque de perte en capital; Risque de liquidité; Risque opérationnel,Quotidienne,Les demandes de rachat sont reçues quotidiennement (cut-off 12h30) et exécutées quotidiennement. Le produit dispose d’un dispositif de plafonnement des rachats (« Gates ») décrit dans le prospectus.,20,2.45,0.01,MISSING,EUR,DNCA FINANCE,data/dic_pdfs/DIS_FR0007076930.pdf,
INDOSUEZ EURO EXPANSION,FR0007371703,5,5,2.01,3,0,Actions,Zone Euro,Active,"OPCVM actions internationales (classification AMF) en gestion active, visant à tirer parti à moyen terme de la performance des marchés actions de la zone Euro, avec intégration de critères ESG (ISR) dans la sélection des titres. L’objectif est de produire une performance supérieure à celle de l’indicateur de référence sur une durée de placement recommandée de 5 ans. Le fonds est en permanence exposé au minimum à 60% aux actions (jusqu’à 110%) et peut utiliser des dérivés (exposition globale jusqu’à 200%).","100% MSCI EMU Growth (Net Return, dividendes nets réinvestis)",SFDR Article 8,Risque de marché; Risque de perte en capital; Risque de liquidité; Risque actions; Risque de change; Risque lié aux pays émergents; Risque lié à l'utilisation d'instruments dérivés; Risque de crédit,Quotidienne,"Les demandes de souscription/rachat sont centralisées à 12h30 (CET) chaque jour d’établissement de la valeur liquidative (J), exécutées sur la prochaine VL calculée en J+1, avec règlement en J+2 (jours ouvrés).",0.07,1.65,0.36,MISSING,EUR,CA Indosuez Gestion,data/dic_pdfs/DIS_FR0007371703.pdf,
VENDOME SELECTION,FR0007371729,4,5,2.23,3,0,Actions,Zone euro (principalement France),Active,"OPCVM actions zone euro (classification AMF) avec une exposition minimale permanente de 60% aux actions de la zone euro et un objectif d’investissement majoritairement en petites et moyennes capitalisations françaises (au moins 70% de l’actif net en titres éligibles PEA). Le fonds vise, sur 5 ans, à tirer parti de la performance des actions françaises tout en intégrant des critères ESG (ISR) et cherche à surperformer l’indicateur CAC Mid 60 (Net Return, dividendes nets réinvestis).","CAC Mid 60 (Net Return, dividendes nets réinvestis)",SFDR Article 8,Risque de marché (actions); Risque de perte en capital; Risque de liquidité; Risque lié à l'utilisation de dérivés; Risque de change,Quotidienne,"Les ordres de souscription/rachat sont centralisés à 12h30 (CET) chaque jour d’établissement de la valeur liquidative (J), exécutés sur la prochaine VL calculée en J+1, avec règlement en J+2 (jours ouvrés).",0.31,1.64,0.59,MISSING,EUR,CA Indosuez Gestion,data/dic_pdfs/DIS_FR0007371729.pdf,
HYMNOS ISR - P,FR0007447891,3,5,1.32,2,0,Diversifié,Europe (principalement) / Zone euro,Active,"Le fonds investit via une gestion profilée dans des actions d’entreprises européennes et des obligations de la zone euro, sélectionnées notamment selon des critères ESG. Il vise une performance supérieure à son indicateur de référence composite (50% MSCI Europe et 50% Barclays Euro Aggregate Treasury 1-7 years), après prise en compte des frais courants, avec une allocation stratégique 50% actions / 50% taux (variation possible entre 40% et 60% par classe d’actifs).",50 % MSCI Europe (cours de clôture - dividendes nets réinvestis) et 50 % Barclays Euro Aggregate Treasury 1-7 years (cours de clôture - coupons réinvestis),SFDR Article 8,Risque de marché; Risque de perte en capital; Risque de liquidité; Risque lié aux dérivés; Risque de change,Quotidienne,"Les parts peuvent être remboursées quotidiennement, mais un mécanisme de plafonnement des rachats (« Gates ») peut être mis en œuvre par la société de gestion (modalités décrites dans le prospectus).",0,1.22,0.1,MISSING,EUR,Amundi Asset Management,data/dic_pdfs/DIS_FR0007447891.pdf,
CG NOUVELLE ASIE C,FR0007450002,4,5,2.47,2.5,0,Actions,Asie (hors Japon),Active,"L'objectif de gestion est de rechercher une performance sans référence à un indice, dans une optique moyen/long terme, via une sélection de titres basée sur des critères liés à l'entreprise. Le fonds est investi et/ou exposé à hauteur de 60% minimum en actions de sociétés ayant leur siège social ou l'essentiel de leurs activités en Asie hors Japon, avec une exposition possible jusqu'à 20% en obligations convertibles. Il peut utiliser des dérivés pour couvrir le risque de change et la sélection est discrétionnaire sans contrainte d'indice.",MSCI AC Asia ex Japan,SFDR Article 8,Risque de marché; Risque de perte en capital; Risque de liquidité; Risque lié aux marchés émergents; Risque de contrepartie; Risque lié à la Chine; Risque de change,Quotidienne,"Rachats possibles tous les jours selon les modalités du prospectus, mais un mécanisme de plafonnement des rachats (« Gates ») peut être mis en œuvre par la société de gestion.",0,2,0.47,MISSING,EUR,Comgest S.A.,data/dic_pdfs/DIS_FR0007450002.pdf,
AMUNDI PULSACTIONS,FR0007481536,4,5,1.76,2.5,0,Actions,Europe,Active,"Le fonds vise une exposition majoritaire aux marchés actions européens (60% minimum et jusqu’à 100% de l’actif net), avec une diversification possible via des produits de taux, des devises et des actions internationales. La sélection des investissements peut se faire via des OPC ou en direct, sur des sociétés de toutes capitalisations, et le fonds peut utiliser des instruments dérivés (couverture et/ou exposition) pouvant conduire à une surexposition au-delà de l’actif net.",80% EURO STOXX 50 (dividendes nets réinvestis) + 20% Euro MTS Highest Rated Government Index All Maturity (coupons réinvestis),SFDR Article 8,Risque de marché; Risque de perte en capital; Risque de liquidité; Risque lié aux dérivés (amplification des mouvements / surexposition),Quotidienne,"Les parts peuvent être remboursées quotidiennement, mais un mécanisme de plafonnement des rachats (« Gates ») peut être mis en œuvre par la société de gestion (modalités décrites dans le prospectus).",0,1.66,0.1,MISSING,EUR,Amundi Asset Management,data/dic_pdfs/DIS_FR0007481536.pdf,
AMUNDI OBLIG INTERNATIONALES FLEXIBLE EUR - I (C),FR0010032573,3,3,1.27,3,0,Obligations,Monde,Active,"La SICAV investit dans des obligations internationales (gouvernementales et non-gouvernementales), avec jusqu’à 40% d’obligations High Yield (et jusqu’à 50% d’exposition High Yield via titres vifs, en tenant compte des dérivés de crédit). La sensibilité est gérée activement dans une fourchette de 0 à +9,5 et une gestion active des devises est mise en œuvre. L’objectif est, sur une période de placement recommandée d’au moins 3 ans et après frais, de surperformer de 1,85% le taux monétaire au jour le jour €STER capitalisé OIS (utilisé a posteriori comme indicateur de comparaison).",€STER capitalisé OIS,SFDR Article 8,Risque de marché; Risque de crédit; Risque de liquidité; Risque lié aux produits dérivés; Risque de change; Risque de perte en capital,Quotidienne,Rachats possibles quotidiennement (ordres de rachat à recevoir avant 12:25 heure de Paris le jour d’établissement de la valeur liquidative). Un mécanisme de plafonnement des rachats (« Gates ») peut être mis en œuvre selon les modalités décrites dans le prospectus.,20,0.9,0.37,MISSING,EUR,Amundi Asset Management,data/dic_pdfs/DIS_FR0010032573.pdf,
AMUNDI STRATEGIES ACTIONS FRANCE (C),FR0010093716,4,5,1.64,2.5,0,Actions,France,Active,"Le fonds investit principalement dans des OPC et/ou des actions d'entreprises françaises, avec une exposition minimale de 60% de l'actif net en actions françaises. Il vise, à moyen terme, une performance supérieure à celle de l’indice SBF 120 (dividendes réinvestis) après prise en compte des frais courants, via une sélection active de titres vifs et d’OPC (approches fondamentale et/ou par les risques). Il peut aussi investir en obligations de la zone euro et utiliser des dérivés à des fins de couverture/exposition/arbitrage, pouvant générer une surexposition.",SBF 120 (dividendes réinvestis),SFDR Article 8,Risque de marché; Risque de perte en capital; Risque de liquidité; Risque lié aux dérivés,Quotidienne,"Les parts peuvent être rachetées quotidiennement, mais un mécanisme de plafonnement des rachats (« Gates ») peut être mis en œuvre par la société de gestion (modalités décrites dans le prospectus).",0,1.4,0.24,MISSING,EUR,Amundi Asset Management,data/dic_pdfs/DIS_FR0010093716.pdf,
AMUNDI OBLIG EURO DURABLE (C),FR0010093724,3,3,0.99,1,0,Obligations,Zone euro,Active,"Le fonds investit principalement en obligations de la zone euro, avec une forte exposition aux obligations vertes, sociales et durables. Il vise à surperformer sur 3 ans l’indice ICE EUR Social, Sustainable & Green Bond Index (Code Bloomberg : SSAE) en intégrant des critères ESG (approche « Best in Class », exclusions et contraintes ESG) dans la construction du portefeuille. Des dérivés et des opérations temporaires sur titres peuvent être utilisés à des fins de couverture et/ou d’exposition.","ICE EUR Social, Sustainable & Green Bond Index (Code Bloomberg : SSAE)",SFDR Article 8,Risque de marché; Risque de taux; Risque de crédit; Risque de liquidité; Risque lié aux dérivés; Risque de perte en capital,Quotidienne,"Les parts peuvent être rachetées quotidiennement, mais un mécanisme de plafonnement des rachats (« Gates ») peut être mis en œuvre par la société de gestion (modalités décrites dans le prospectus).",0,0.86,0.13,MISSING,EUR,Amundi Asset Management,data/dic_pdfs/DIS_FR0010093724.pdf,
CPR Croissance Dynamique - P,FR0010097642,4,5,1.99,5,0,Diversifié,Monde,Active,"Le fonds investit dans un portefeuille diversifié international multi-actifs, majoritairement exposé aux actions, principalement via des OPC/ETF. Il vise, sur le long terme, une performance supérieure à un indice composite (20% JP Morgan Global Government Bond Index (GBI Global) Hedgé (couvert en euro) + 80% MSCI World libellé en euro (NR)), avec une volatilité prévisionnelle maximale de 20%. La gestion est discrétionnaire et peut s’écarter des proportions de l’indice tout en respectant la contrainte de volatilité.",20% JP Morgan Global Government Bond Index (GBI Global) Hedgé (couvert en euro) + 80% MSCI World libellé en euro (NR),SFDR Article 8,Risque de marché; Risque de perte en capital; Risque de liquidité; Risque lié aux dérivés; Risque de crédit,Quotidienne,"Les parts peuvent être remboursées quotidiennement, mais un mécanisme de plafonnement des rachats (« Gates ») peut être mis en œuvre par la société de gestion (modalités décrites dans le prospectus).",20,1.77,0.22,MISSING,EUR,CPR Asset Management,data/dic_pdfs/DIS_FR0010097642.pdf,
CPR Croissance Défensive - P,FR0010097667,2,2,1.77,5,0,Diversifié,Monde,Active,"Le fonds est un OPCVM diversifié international investissant dans plusieurs classes d’actifs (actions, taux, crédit, monétaire, change, matières premières hors agricoles, stratégies alternatives), avec une allocation majoritairement orientée vers la classe d’actif « Taux » et une exposition aux actifs risqués comprise entre 0% et 40%. L’objectif est de réaliser sur la période de détention recommandée (2 ans) une performance annuelle nette de frais supérieure de 1,50% à l’indice €STR, avec une volatilité annuelle prévisionnelle maximale de 7%. La gestion est discrétionnaire et peut s’écarter des proportions de l’indice, avec utilisation possible de dérivés à des fins de couverture et/ou d’exposition.",€STR,SFDR Article 8,Risque de marché; Risque de perte en capital; Risque de liquidité; Risque lié aux dérivés; Risque de crédit (dont obligations Speculative Grade); Risque de durabilité,Quotidienne,"Les parts peuvent être rachetées quotidiennement, mais un mécanisme de plafonnement des rachats (« Gates ») peut être mis en œuvre par la société de gestion (modalités décrites dans le prospectus).",20,1.51,0.26,MISSING,EUR,CPR Asset Management,data/dic_pdfs/DIS_FR0010097667.pdf,
CPR Croissance Réactive - P,FR0010097683,3,4,2.32,5,0,Diversifié,Monde,Active,"Le fonds est un OPCVM diversifié international investissant via plusieurs classes d’actifs (actions, taux, crédit, monétaire, change, matières premières hors agricoles, stratégies alternatives), avec une exposition actions pouvant aller de 0% à 80% et une part taux/monétaire entre 20% et 80%. La gestion est active et vise, sur le moyen terme (4 ans minimum), une performance annualisée nette de frais supérieure de 3,50% à l’€STR capitalisé, avec une volatilité maximale prévisionnelle de 15%. Le fonds peut investir majoritairement en OPC (jusqu’à 100%) et utiliser des dérivés à des fins d’exposition, de couverture ou de recomposition synthétique.",€STR capitalisé,SFDR Article 8,Risque de marché; Risque de perte en capital; Risque de liquidité; Risque lié aux dérivés,Quotidienne,"Les parts peuvent être rachetées quotidiennement, mais un mécanisme de plafonnement des rachats (« Gates ») peut être mis en œuvre par la société de gestion (modalités décrites dans le prospectus).",20,1.94,0.38,MISSING,EUR,CPR Asset Management,data/dic_pdfs/DIS_FR0010097683.pdf,
AMUNDI STRATEGIES ACTIONS EUROPE (C),FR0010101972,4,5,1.69,2.5,0,Actions,Europe,Active,"Le fonds investit principalement en OPC et/ou en actions d'entreprises des Etats européens (au moins 60% de l'actif net en actions européennes), avec une possible allocation complémentaire en monétaire et obligations. Il vise, à moyen terme, une performance supérieure à l'indice MSCI Europe (dividendes nets réinvestis) via une sélection active d'OPC et de titres vifs, après prise en compte des frais courants. Le fonds peut utiliser des dérivés à des fins de couverture/exposition/arbitrage et recourir à des opérations temporaires sur titres.",MSCI Europe (dividendes nets réinvestis),SFDR Article 8,Risque de marché; Risque de perte en capital; Risque de liquidité; Risque lié aux dérivés,Quotidienne,"Les parts peuvent être remboursées quotidiennement, mais un mécanisme de plafonnement des rachats (« Gates ») peut être mis en œuvre par la société de gestion (modalités décrites dans le prospectus).",0,1.62,0.07,MISSING,EUR,Amundi Asset Management,data/dic_pdfs/DIS_FR0010101972.pdf,
Amundi  Core S&P  500  Swap  UCITS  ETF  EUR  Dist,LU0496786574,4,5,0.05,0,0,Actions,États-Unis,Indicielle,"Le Fonds est un OPCVM indiciel géré passivement visant à répliquer à la hausse comme à la baisse l’indice S&P 500 Net Total Return (dividendes nets réinvestis), tout en minimisant l’écart de suivi. Il met en œuvre une réplication indirecte via un swap de gré à gré et peut investir dans un portefeuille diversifié d’actions internationales dont la performance est échangée contre celle de l’indice.",S&P 500 Net ® Total Return,Non classé / Non mentionné,Risque de marché; Risque de perte en capital; Risque de liquidité; Risque lié aux dérivés (swap de gré à gré),MISSING,"Les actions sont cotées et négociées en bourse (marché secondaire) ; seuls les participants autorisés peuvent traiter directement avec le fonds sur le marché primaire. Des frais de courtage et/ou bid-ask spreads peuvent s’appliquer sur le marché secondaire, sans être facturés par le fonds.",0,0.05,0,MISSING,EUR,Amundi Luxembourg S.A.,/Users/sdaoud/CODE/ROBO-ADVISOR/data/dic_pdfs/KIDPRIIPs_906100_79629_FRA_FRA_20251205.pdf,
AMUNDI STRATEGIES ACTIONS EURO (C),FR0010106880,4,5,1.63,2.5,0,Actions,Zone Euro,Active,"Le fonds vise, à moyen terme, une performance supérieure à son indice de référence MSCI Euro (dividendes réinvestis), via une sélection active d’OPC et de titres vifs principalement de la zone euro, après prise en compte des frais courants. Il est exposé au minimum à 60% de l’actif net en actions de la zone euro et peut aussi investir en instruments monétaires et obligataires de la zone euro, ainsi qu’utiliser des dérivés à des fins de couverture et/ou d’exposition (pouvant générer une surexposition).",MSCI Euro (dividendes réinvestis),SFDR Article 8,Risque de marché; Risque de perte en capital; Risque de liquidité; Risque lié aux dérivés (amplification des mouvements),Quotidienne,Les parts peuvent être rachetées quotidiennement (ordres de rachat à recevoir avant 12:00 heure de Paris le jour d’établissement de la valeur liquidative). Un mécanisme de plafonnement des rachats (« Gates ») peut être mis en œuvre ; modalités décrites dans le prospectus.,0,1.57,0.06,MISSING,EUR,Amundi Asset Management,data/dic_pdfs/DIS_FR0010106880.pdf,
VENDOME  FRANCE,FR0010111526,5,5,1.92,3,0,Actions,France (principalement) / Zone euro (jusqu’à 10%),Active,"OPCVM actions exposé en permanence à au moins 60% aux marchés actions, principalement via des actions françaises (éligible PEA, au moins 75% de titres éligibles). L’objectif est de tirer parti à moyen terme de la performance des actions françaises en intégrant des critères ESG (ISR) et de viser une performance supérieure à l’indicateur de référence SBF 120 (Net Return, dividendes réinvestis) sur une durée de placement recommandée de 5 ans. Le fonds peut recourir à des dérivés à des fins d’exposition et/ou de couverture, avec un engagement global pouvant aller jusqu’à 200%.","SBF 120 (Net Return, dividendes réinvestis)",SFDR Article 8,Risque de marché; Risque de perte en capital; Risque lié à l'utilisation de dérivés; Risque de liquidité,Quotidienne,"Souscriptions/rachats possibles à tout moment : ordres centralisés auprès de CACEIS Bank à 12h30 (CET) chaque jour de calcul de VL (J), exécutés sur la prochaine VL en J+1, règlement en J+2 (jours ouvrés).",0.02,1.65,0.27,MISSING,EUR,CA Indosuez Gestion,data/dic_pdfs/DIS_FR0010111526.pdf,
VENDOME SELECTION EURO,FR0010111674,4,5,2.35,3,0,Actions,Zone Euro,Active,"OPCVM actions internationales visant à surperformer l’indice 100% MSCI EMU Mid Cap (Net Return, dividendes nets réinvestis) sur une durée de placement recommandée de 5 ans. Le fonds investit principalement en actions de petites et moyennes capitalisations de la zone Euro, avec une exposition actions d’au moins 60% (jusqu’à 110% via dérivés). Il peut utiliser des instruments financiers à terme (actions, taux, change) à des fins d’exposition et/ou de couverture, et investir jusqu’à 20% en instruments de taux/monétaire et jusqu’à 10% en pays émergents.","100% MSCI EMU Mid Cap (Net Return, dividendes net réinvestis)",SFDR Article 8,Risque de marché; Risque de perte en capital; Risque lié à l'utilisation de dérivés; Risque de liquidité,Quotidienne,MISSING,0.56,1.65,0.7,MISSING,EUR,CA Indosuez Gestion,data/dic_pdfs/DIS_FR0010111674.pdf,
AMUNDI VOLATILITY RISK PREMIA - I (C),FR0010144568,3,3,2.1,0,0,Diversifié,MISSING,Active,"Le fonds vise une performance positive quelle que soit l’orientation des marchés via des stratégies de volatilité. Il cherche à surperformer (après déduction des commissions applicables) l’indice €STR (capitalisé quotidiennement) avec une exposition maîtrisée aux risques, en s’exposant à la volatilité de différentes classes d’actifs (actions, taux d’intérêt, devises) au travers d’instruments dérivés listés tout en couvrant en permanence les risques directionnels. La part non utilisée pour l’exposition à la volatilité est investie en instruments monétaires et en obligations/titres de créance court terme (jusqu’à 100%).",€STR (capitalisé quotidiennement),Non classé / Non mentionné,Risque de marché; Risque de perte en capital; Risque de liquidité; Risque lié aux dérivés,Quotidienne,Les parts peuvent être rachetées quotidiennement (valeur liquidative). Un mécanisme de plafonnement des rachats (« Gates ») peut être mis en œuvre par la société de gestion selon les modalités décrites dans le prospectus.,15,0.67,1.47,MISSING,EUR,Amundi Asset Management,data/dic_pdfs/DIS_FR0010144568.pdf,
Carmignac Investissement,FR0010148981,4,5,2.33,4,0,Actions,Monde,Active,"L'objectif du fonds est de surperformer son indicateur de référence sur un horizon de placement recommandé de 5 ans. Le fonds est un OPCVM géré activement, investi sur les places financières du monde entier, avec une exposition permanente d'au moins 60% de l'actif net aux actions internationales (pays émergents inclus) et la possibilité d'utiliser des dérivés à des fins de couverture, d'arbitrage et/ou d'exposition.",MSCI AC World NR Index,SFDR Article 8,Risque de marché; Risque de perte en capital; Risque de contrepartie; Risque de liquidité; Risque de change; Risque lié aux dérivés,Quotidienne,"Rachats possibles chaque jour ouvré, avec possibilité de suspension dans des circonstances exceptionnelles. La société de gestion peut mettre en œuvre un plafonnement des demandes de rachat (""gates"") afin d'étaler les rachats sur plusieurs VL lorsque les demandes de rachat excèdent le seuil de 5% (rachats nets des souscriptions / actif net).",20,1.8,0.53,MISSING,EUR,Carmignac Gestion S.A,data/dic_pdfs/DIS_FR0010148981.pdf,
Carmignac Absolute Return Europe,FR0010149179,3,3,2.94,4,0,Actions,Europe,Active,"Le fonds vise une performance nette de frais positive sur un horizon de placement recommandé de 3 ans. Il met en œuvre une stratégie actions long/short axée sur les fondamentaux, principalement investie en actions de sociétés de l’Espace économique européen, avec une exposition nette aux actions pouvant varier de -20% à +50% et une couverture visant à limiter l’exposition action à 50% maximum.",MISSING,Non classé / Non mentionné,Risque de marché; Risque de perte en capital; Risque de contrepartie; Risque de liquidité; Risque de change; Risque lié aux dérivés,Quotidienne,"Rachats possibles chaque jour ouvré, avec exécution sur la VL de la veille. En circonstances exceptionnelles, le rachat peut être suspendu. La société de gestion peut mettre en œuvre un plafonnement des demandes de rachat (""gates"") lorsque les demandes excèdent un seuil de 5% de l'actif net.",20,2.2,0.74,MISSING,EUR,Carmignac Gestion S.A,data/dic_pdfs/DIS_FR0010149179.pdf,
AMUNDI ACTIONS USA RESPONSABLE - P (C),FR0010153320,4,5,1.75,2.5,0,Actions,États-Unis,Active,"Le fonds investit principalement en actions de sociétés cotées américaines, sélectionnées en intégrant des critères ESG (ISR, label ISR). Il vise, sur une période de 5 ans, une performance supérieure ou égale à celle de l’indice S&P 500 (en dollars, dividendes réinvestis), après prise en compte des frais courants, avec une approche systématique combinant analyse financière et extra-financière et des déviations sectorielles/géographiques limitées (tracking error ex ante modérée).",S&P500 (exprimé en dollars - dividendes réinvestis),SFDR Article 8,Risque de marché; Risque actions; Risque de perte en capital; Risque de liquidité; Risque lié aux dérivés,Quotidienne,"Les parts peuvent être rachetées quotidiennement, mais un mécanisme de plafonnement des rachats (« Gates ») peut être mis en œuvre par la société de gestion (modalités décrites dans le prospectus).",0,1.6,0.15,MISSING,EUR,Amundi Asset Management,data/dic_pdfs/DIS_FR0010153320.pdf,
INDOSUEZ ALLOCATION 30,FR0010156539,2,3,1.2,3,0,Diversifié,Monde,Active,"Sur une durée de placement recommandée de 3 ans minimum, le Produit vise une performance annualisée nette de frais supérieure à l’indice €STR capitalisé + 2% au moyen d’une gestion flexible sur les marchés de taux, d’actions et de devises principalement via des OPCVM, FIA ou fonds d’investissement de droit étranger et des instruments financiers à terme. Le Produit est géré activement et l’indice est utilisé a posteriori comme indicateur de comparaison des performances, sans contrainte relative à l’indice.",€STR capitalisé +2%,Non classé / Non mentionné,Risque de marché; Risque de perte en capital; Risque actions; Risque de taux; Risque de crédit (dont High Yield); Risque de change; Risque lié aux pays émergents; Risque lié aux instruments dérivés / effet de levier,Quotidienne,"Les demandes de souscription et de rachat sont centralisées chaque jour d’établissement de la valeur liquidative (J) à 12h30 (CET) et exécutées sur la base de la prochaine valeur liquidative calculée en J+1, avec règlement en J+2 (jours ouvrés).",0.09,1.16,0.04,MISSING,EUR,CA Indosuez Gestion,data/dic_pdfs/DIS_FR0010156539.pdf,
AMUNDI OBLIG INTERNATIONALES FLEXIBLE EUR - P (C),FR0010156604,3,3,1.49,1,0,Obligations,Monde,Active,"La SICAV investit dans des obligations internationales (gouvernementales et non-gouvernementales), avec jusqu’à 40% d’obligations High Yield (et jusqu’à 50% d’exposition High Yield via titres vifs en tenant compte de l’exposition via dérivés de crédit). La sensibilité est gérée activement dans une fourchette de 0 à +9,5 et une gestion active des devises (OCDE et non-OCDE) peut être mise en œuvre. L’objectif est, sur une période de placement recommandée d’au moins 3 ans et après frais, de surperformer de 1,65% le taux monétaire au jour le jour €STER capitalisé OIS, utilisé a posteriori comme indicateur de comparaison.",€STER capitalisé OIS,SFDR Article 8,Risque de marché; Risque de crédit; Risque de liquidité; Risque lié aux produits dérivés; Risque de change; Risque de perte en capital,Quotidienne,"Les actions peuvent être rachetées quotidiennement, mais un mécanisme de plafonnement des rachats (« Gates ») peut être mis en œuvre par la société de gestion selon les modalités décrites dans le prospectus.",20,1.12,0.37,MISSING,EUR,Amundi Asset Management,data/dic_pdfs/DIS_FR0010156604.pdf,
AMUNDI ACTIONS RESTRUCTURATIONS - P (C),FR0010165944,4,5,1.51,2.5,0,Actions,Europe,Active,"Le fonds investit principalement en actions de sociétés de l'Union Européenne, de Norvège et de Suisse engagées dans une dynamique de restructuration. Il vise une performance supérieure à son indice de référence MSCI Europe, après prise en compte des frais courants. Des instruments dérivés et des opérations temporaires sur titres peuvent être utilisés à des fins de couverture et/ou d’exposition.",MSCI Europe,SFDR Article 8,Risque de marché; Risque de perte en capital; Risque de liquidité; Risque lié aux dérivés,Quotidienne,"Les parts peuvent être rachetées quotidiennement, mais un mécanisme de plafonnement des rachats (« Gates ») peut être mis en œuvre par la société de gestion selon les modalités décrites dans le prospectus.",20,1.37,0.14,MISSING,EUR,Amundi Asset Management,data/dic_pdfs/DIS_FR0010165944.pdf,
FLORISSIME DYNAMISME,FR0010176222,3,8,1.13,5,0,Diversifié,International (Europe et États-Unis principalement),Active,"Le Produit vise, sur la durée de détention recommandée, à réaliser une performance supérieure à celle de son indice de référence en investissant de manière dynamique sur les marchés actions et de taux internationaux. Il peut investir jusqu’à 100% en OPCVM/FIA/fonds d’investissement (toutes zones et devises), avec une exposition actions internationale comprise entre 40% et 80% et une exposition aux pays émergents jusqu’à 20%. Il peut utiliser des instruments financiers à terme à des fins d’exposition et/ou de couverture, et des titres intégrant des dérivés (EMTN structurés/certificats) dans la limite de 10% de l’actif net.","Indice de référence composé de 36% de FCI EMU 200 (dividendes réinvestis), 21% du FCI USA 500 (dividendes réinvestis), 3% du FCI JAPAN TOTALCAP 600, 30% du Bloomberg Euro Aggregate Government TR Index Value Unhedged Eur (coupons réinvestis) et 10% de l'€STR",Non classé / Non mentionné,Risque de liquidité; Risque de contrepartie; Risque de marché; Risque de perte en capital; Risque de change; Risque lié aux pays émergents; Risque lié à l'utilisation d'instruments dérivés,Quotidienne,"Les ordres de souscription/rachat sont centralisés à 12h30 (CET) chaque jour d’établissement de la valeur liquidative (J), exécutés sur la prochaine valeur liquidative calculée en J+1, avec règlement en J+2 (jours ouvrés).",0,1.12,0.01,MISSING,EUR,CA Indosuez Gestion,data/dic_pdfs/DIS_FR0010176222.pdf,
AMUNDI ACTIONS ASIE - P (C),FR0010176891,4,5,1.57,2.5,0,Actions,Asie-Pacifique (pays développés),Active,"Le fonds investit dans des actions des pays développés d'Asie (Japon, Australie, Hong-Kong, Singapour, Nouvelle-Zélande). Il vise, sur 5 ans, une performance supérieure à celle de l’indice MSCI Pacific (dividendes réinvestis), après prise en compte des frais courants, via une sélection de titres (croissance jugée attractive ou sous-valorisation) et peut utiliser des instruments dérivés à des fins de couverture et/ou d’exposition.",MSCI Pacific (dividendes réinvestis),SFDR Article 8,Risque de marché; Risque de perte en capital; Risque de liquidité; Risque lié aux produits dérivés,Quotidienne,"Les parts peuvent être rachetées quotidiennement, mais un mécanisme de plafonnement des rachats (« Gates ») peut être mis en œuvre par la société de gestion (modalités décrites dans le prospectus).",0,1.47,0.1,MISSING,EUR,Amundi Asset Management,data/dic_pdfs/DIS_FR0010176891.pdf,
AMUNDI ACTIONS EMERGENTS - P (C),FR0010188383,4,5,2.37,2.5,0,Actions,"Pays émergents (Europe, Asie, Amérique, Afrique)",Active,"Le fonds investit quasi-totalement dans AMUNDI FUNDS EMERGING WORLD EQUITY - O EUR (fonds maître) afin de rechercher une croissance du capital sur le long terme. Il vise à surperformer, après frais, l’indice MSCI Emerging Markets Free sur une période de 5 ans, en investissant au minimum deux tiers de ses actifs en actions et instruments liés à des actions de sociétés de pays émergents, avec une sélection fondée sur une analyse fondamentale et des allocations géographiques et sectorielles. Le compartiment peut utiliser des dérivés à des fins de couverture et de gestion efficace de portefeuille.",MSCI Emerging Markets Free,SFDR Article 8,Risque de marché; Risque actions; Risque pays émergents; Risque de liquidité; Risque lié aux dérivés; Risque de perte en capital,Quotidienne,"Les parts peuvent être rachetées quotidiennement, mais un mécanisme de plafonnement des rachats (« Gates ») peut être mis en œuvre par la société de gestion selon les modalités décrites dans le prospectus. Ordres de rachat à recevoir avant 12:00 (heure de Paris) le jour d’établissement de la valeur liquidative.",20,2.37,0,MISSING,EUR,Amundi Asset Management,data/dic_pdfs/DIS_FR0010188383.pdf,
INDOSUEZ ALLOCATION 75,FR0010232074,3,5,1.2,3,0,Diversifié,Monde,Active,"Sur une durée de placement recommandée de 5 ans, le Produit vise une performance annualisée nette de frais supérieure à €STR capitalisé +4% via une gestion flexible sur les marchés de taux, d’actions et de devises, principalement au travers d’OPCVM/FIA/fonds étrangers et d’instruments financiers à terme. La stratégie est discrétionnaire, sans contrainte relative à l’indice, avec une approche de multigestion fondée sur la diversification (gérants, sociétés de gestion, styles).",€STR capitalisé +4%,Non classé / Non mentionné,Risque de marché; Risque de perte en capital; Risque de liquidité; Risque de contrepartie; Risque de change; Risque lié aux dérivés; Risque lié aux titres à haut rendement; Risque lié aux marchés émergents,Quotidienne,"Les ordres de souscription/rachat sont centralisés chaque jour d’établissement de la valeur liquidative (J) à 12h30 (CET), exécutés sur la prochaine valeur liquidative calculée en J+1, avec règlement en J+2 (jours ouvrés).",0.34,1.14,0.06,MISSING,EUR,CA Indosuez Gestion,data/dic_pdfs/DIS_FR0010232074.pdf,
INDOSUEZ  EURO RENDEMENT,FR0010232108,4,5,1.9,3,0,Actions,Zone Euro,Active,"OPCVM visant à tirer parti à moyen terme de la performance des marchés d'actions de la zone Euro, en intégrant des critères ESG (ISR) dans le processus de sélection et d'analyse. L'objectif est de produire une performance supérieure à celle de l'indicateur de référence MSCI EMU (Net Return, dividendes nets réinvestis) sur une durée de placement recommandée de cinq ans, avec une composition pouvant s'écarter de celle de l'indice. Le fonds est classé SFDR Article 8 et peut utiliser des instruments financiers à terme à des fins d'exposition et/ou de couverture (exposition globale jusqu'à 200%).","MSCI EMU (Net Return, dividendes nets réinvestis)",SFDR Article 8,Risque de marché; Risque de perte en capital; Risque de liquidité; Risque actions; Risque de change; Risque lié aux dérivés,Quotidienne,"Souscriptions/rachats centralisés chaque jour d’établissement de la valeur liquidative (cut-off 12h30 CET). Exécution sur la prochaine valeur liquidative calculée en J+1, règlement en J+2 (jours ouvrés).",0.22,1.65,0.25,MISSING,EUR,CA Indosuez Gestion,data/dic_pdfs/DIS_FR0010232108.pdf,
AMUNDI ACTIONS EURO RESPONSABLE EQUILIBRE - P (C),FR0010251736,3,5,1.9,2.5,0,Diversifié,Europe,Active,"L’objectif de gestion, sur un horizon de placement de cinq ans, est la recherche de performance en s’exposant aux actions européennes liées aux produits et technologies respectueux de l’environnement, tout en gardant un profil équilibré entre actions et actifs peu risqués. L’allocation cible est indiquée à 90% d’actions européennes et 10% en produits dérivés et produits monétaires, avec une exposition nette cible (après couverture) de 40% actions et 60% équivalent monétaires. Le fonds intègre des critères ESG/ISR (approches amélioration de note, exclusions, best-in-class, thématique et engagement) et utilise des dérivés (options/futures) pour la couverture.",40% Euro Stoxx 50 (calculé dividendes réinvestis) et 60% €STR capitalisé,SFDR Article 8,Risque de marché; Risque de perte en capital; Risque de liquidité; Risque lié aux dérivés,Quotidienne,"Les parts peuvent être remboursées quotidiennement, mais un mécanisme de plafonnement des rachats (dit « Gates ») peut être mis en œuvre par la société de gestion (modalités décrites dans le prospectus).",0,1.33,0.57,MISSING,EUR,Amundi Asset Management,data/dic_pdfs/DIS_FR0010251736.pdf,
CPR Disruption - P (C),FR0010258756,4,5,1.61,3,0,Actions,Monde,Active,"Le fonds vise à surperformer les marchés d’actions internationaux sur la période de placement recommandée de cinq ans, en s’exposant à la performance d’actions de sociétés internationales liées à des modèles économiques disruptifs. La gestion est discrétionnaire, avec une exposition actions comprise entre 75% et 110% de l’actif, et un recours important aux Total Return Swaps (swap de performance) pour obtenir l’exposition à la stratégie disruptive.",MSCI World converti en € (Dividendes Nets Réinvestis),Non classé / Non mentionné,Risque de marché; Risque actions; Risque de perte en capital; Risque de liquidité; Risque lié aux dérivés,Quotidienne,"Les parts peuvent être rachetées quotidiennement, mais un mécanisme de plafonnement des rachats (« Gates ») peut être mis en œuvre par la société de gestion (modalités décrites dans le prospectus).",15,1.52,0.09,MISSING,EUR,CPR Asset Management,data/dic_pdfs/DIS_FR0010258756.pdf,
INDOSUEZ SERENITE PLUS,FR0010317479,2,2,0.78,1,0,Obligations,Europe (Zone Euro) avec exposition limitée hors euro et émergents,Active,"OPCVM obligataire libellé en euro visant, sur une durée de placement recommandée de 2 ans, une performance annualisée brute au moins égale à celle de l’indice €STR capitalisé + 0,50%. Le fonds investit principalement en produits de taux, monétaires et titres de créance (majoritairement Investment Grade), avec une poche possible de haut rendement (jusqu’à 30%) et d’obligations convertibles contingentes (jusqu’à 20%), et peut utiliser des dérivés (exposition totale jusqu’à 200%).","€STR capitalisé + 0,50%",SFDR Article 8,Risque de liquidité; Risque de marché; Risque de crédit; Risque de change; Risque lié aux instruments financiers à terme (dérivés); Risque de perte en capital,MISSING,"Les souscriptions/rachats sont possibles à tout moment : ordres centralisés chez CACEIS Bank à 12h30 (CET) chaque jour de VL (J), exécutés sur la prochaine VL calculée en J+1, règlement en J+2.",0.05,0.63,0.15,MISSING,EUR,CA Indosuez Gestion,data/dic_pdfs/DIS_FR0010317479.pdf,
CPR Absolute Return Bonds - P (C),FR0010325605,3,3,0.82,5,0,Obligations,Monde,Active,"Le fonds vise à obtenir la meilleure performance possible sur la durée de placement recommandée via une gestion diversifiée internationale, de type performance absolue. Il exploite un large univers (taux, crédit, devises, actions) sur pays développés et/ou émergents, avec utilisation possible de dérivés à des fins de couverture et/ou d'exposition. Le fonds n’est pas géré en référence à un indice et la volatilité prévisionnelle ne devrait pas excéder 10% en conditions normales de marché.",MISSING,SFDR Article 8,Risque de marché; Risque de perte en capital; Risque de liquidité; Risque lié aux dérivés; Risque de crédit; Risque de change,Quotidienne,"Les parts peuvent être rachetées quotidiennement, mais un mécanisme de plafonnement des rachats (« Gates ») peut être mis en œuvre par la société de gestion (modalités décrites dans le prospectus).",20,0.72,0.1,MISSING,EUR,CPR Asset Management,data/dic_pdfs/DIS_FR0010325605.pdf,
BFT FRANCE FUTUR ISR CLIMAT - P (C),FR0010340612,4,5,2.22,3,0,Actions,France,Active,"La SICAV investit principalement dans des actions françaises de petites et moyennes capitalisations en intégrant une démarche d’investissement socialement responsable et une approche de réduction des émissions carbone visant l’objectif « Net Zero » en 2050. L’objectif est de réaliser, sur un horizon de 5 ans, une performance nette de frais supérieure à celle de l’indice CAC Mid & Small (dividendes réinvestis), via une gestion active de type stock picking, avec possibilité d’investir jusqu’à 10% hors univers (actions hors indices et produits de taux) et d’utiliser des dérivés à des fins de couverture et/ou d’exposition.",CAC Mid & Small,SFDR Article 8,Risque de marché; Risque actions; Risque de perte en capital; Risque de liquidité; Risque lié aux produits dérivés,Quotidienne,"Les actions peuvent être rachetées quotidiennement, mais un mécanisme de plafonnement des rachats (« Gates ») peut être mis en œuvre par la société de gestion selon les modalités décrites dans le prospectus.",20,1.97,0.25,MISSING,EUR,CPR Asset Management,data/dic_pdfs/DIS_FR0010340612.pdf,
